Country Name,An,"Air transport, freight (million ton-km)",GDP (current US$),"Population, total","Railways, goods transported (million ton-km)",Region,Income Group
Argentina,2015,243.7725665,594749285413.212,43477012.0,8274.0,Latin America & Caribbean,Upper middle income
Argentina,2016,254.181413504,557532320662.955,43900313.0,8529.0,Latin America & Caribbean,Upper middle income
Argentina,2017,305.102,643628393281.364,44288894.0,8377.0,Latin America & Caribbean,Upper middle income
Argentina,2018,311.720805,524819892360.176,44654882.0,,Latin America & Caribbean,Upper middle income
Argentina,2019,280.283172,447754683615.225,44973465.0,,Latin America & Caribbean,Upper middle income
Argentina,2020,81.12423,385740508436.965,45191965.0,,Latin America & Caribbean,Upper middle income
Argentina,2021,88.267613,486564085480.036,45312281.0,,Latin America & Caribbean,Upper middle income
Armenia,2015,,10553337518.414,3004600.0,640.0,Europe & Central Asia,Upper middle income
Armenia,2016,,10546136235.5219,2992300.0,658.0,Europe & Central Asia,Upper middle income
Armenia,2017,,11527458709.0158,2979400.0,689.46,Europe & Central Asia,Upper middle income
Armenia,2018,0.0,12457940694.7395,2969000.0,730.0,Europe & Central Asia,Upper middle income
Armenia,2019,0.3265,13619290539.2116,2962500.0,860.0,Europe & Central Asia,Upper middle income
Armenia,2020,0.11692,12641698583.2152,2961500.0,840.0,Europe & Central Asia,Upper middle income
Armenia,2021,1.347896,13878908628.9378,2962300.0,,Europe & Central Asia,Upper middle income
Australia,2015,1907.05190944687,1356805839935.9,23815995.0,401600.0,East Asia & Pacific,High income
Australia,2016,1868.73262766,1211588128417.61,24190907.0,413490.0,East Asia & Pacific,High income
Australia,2017,1982.586170817,1330890554614.09,24592588.0,431307.31114667,East Asia & Pacific,High income
Australia,2018,2027.63710989603,1433144978761.67,24963258.0,441273.24126364,East Asia & Pacific,High income
Australia,2019,1931.1555305,1398349602956.35,25334826.0,443004.62783715,East Asia & Pacific,High income
Australia,2020,1316.50942,1333336461648.09,25649248.0,447434.67411552,East Asia & Pacific,High income
Australia,2021,1244.7647,1560617493202.69,25685412.0,453091.00602501,East Asia & Pacific,High income
Austria,2015,351.379,379546097300.633,8642699.0,20814.0,Europe & Central Asia,High income
Austria,2016,387.739,393687359770.273,8736668.0,21361.0,Europe & Central Asia,High income
Austria,2017,391.268,414926138132.691,8797566.0,22256.0,Europe & Central Asia,High income
Austria,2018,373.511,452582294972.775,8840521.0,21996.241,Europe & Central Asia,High income
Austria,2019,320.036527,442983642371.842,8879920.0,21736.0,Europe & Central Asia,High income
Austria,2020,74.560823,434397601557.696,8916864.0,20498.028,Europe & Central Asia,High income
Austria,2021,125.155714,480466363176.806,8955797.0,21780.869,Europe & Central Asia,High income
Azerbaijan,2015,686.94149,53076235354.746,9649341.0,6210.0,Europe & Central Asia,Upper middle income
Azerbaijan,2016,732.789755,37866996882.9157,9757812.0,5192.0,Europe & Central Asia,Upper middle income
Azerbaijan,2017,61.6255,40866627351.9817,9854033.0,4633.0,Europe & Central Asia,Upper middle income
Azerbaijan,2018,44.0886,47112470051.7701,9939771.0,4492.0,Europe & Central Asia,Upper middle income
Azerbaijan,2019,1620.43791,48174235294.1176,10024283.0,5152.0,Europe & Central Asia,Upper middle income
Azerbaijan,2020,2030.37809,42693000000.0,10093121.0,4861.0,Europe & Central Asia,Upper middle income
Azerbaijan,2021,3173.72377,54825411764.7059,10137750.0,5316.0,Europe & Central Asia,Upper middle income
Bahrain,2015,240.107004,32523297872.3404,1370322.0,,Middle East & North Africa,High income
Bahrain,2016,387.310813088,33884680851.0638,1423726.0,,Middle East & North Africa,High income
Bahrain,2017,390.39,37204813829.7872,1501116.0,,Middle East & North Africa,High income
Bahrain,2018,420.98375,39567978723.4043,1503091.0,,Middle East & North Africa,High income
Bahrain,2019,311.15413,40446808510.6383,1483756.0,,Middle East & North Africa,High income
Bahrain,2020,191.96251,35837632978.7234,1472204.0,,Middle East & North Africa,High income
Bahrain,2021,523.2992,40840212765.9574,1504365.0,,Middle East & North Africa,High income
Belgium,2015,1479.9763156,461044767544.531,11274196.0,,Europe & Central Asia,High income
Belgium,2016,1505.4059084,474271566739.729,11331422.0,,Europe & Central Asia,High income
Belgium,2017,1574.378609,500908767351.53,11375158.0,,Europe & Central Asia,High income
Belgium,2018,1285.344187,542638913427.921,11427054.0,,Europe & Central Asia,High income
Belgium,2019,1353.426977272,536726344405.489,11488980.0,,Europe & Central Asia,High income
Belgium,2020,1265.065943534,529694473501.791,11538604.0,,Europe & Central Asia,High income
Belgium,2021,1827.413026121,598522422241.851,11586195.0,,Europe & Central Asia,High income
Bolivia,2015,9.93479748637544,33000198248.9146,11014705.0,,Latin America & Caribbean,Lower middle income
Bolivia,2016,9.008756313,33941126193.9219,11180020.0,,Latin America & Caribbean,Lower middle income
Bolivia,2017,9.48554381985556,45927439594.7902,11344587.0,,Latin America & Caribbean,Lower middle income
Bolivia,2018,13.7284774028928,48414038842.2576,11508368.0,,Latin America & Caribbean,Lower middle income
Bolivia,2019,22.980404,49056643589.0014,11671386.0,,Latin America & Caribbean,Lower middle income
Bolivia,2020,17.95563766,42313784081.042,11816299.0,,Latin America & Caribbean,Lower middle income
Bolivia,2021,20.27706066,47877892402.3155,11937360.0,,Latin America & Caribbean,Lower middle income
Botswana,2015,,13530748844.505,2203273.0,,Sub-Saharan Africa,Upper middle income
Botswana,2016,,15082637184.0496,2234776.0,,Sub-Saharan Africa,Upper middle income
Botswana,2017,0.14564,16105155856.7708,2266747.0,,Sub-Saharan Africa,Upper middle income
Botswana,2018,0.113606,17031943186.1353,2299141.0,,Sub-Saharan Africa,Upper middle income
Botswana,2019,0.675495,16725908148.5481,2332083.0,,Sub-Saharan Africa,Upper middle income
Botswana,2020,,14960251607.8135,2365894.0,,Sub-Saharan Africa,Upper middle income
Botswana,2021,0.063317,18750182236.2211,2401441.0,,Sub-Saharan Africa,Upper middle income
Brazil,2015,1493.939,1802211999456.42,201675532.0,,Latin America & Caribbean,Upper middle income
Brazil,2016,1513.832873341,1795693265999.04,203218114.0,,Latin America & Caribbean,Upper middle income
Brazil,2017,1736.549227,2063514688805.78,204703445.0,,Latin America & Caribbean,Upper middle income
Brazil,2018,1845.64776,1916933708352.71,206107261.0,,Latin America & Caribbean,Upper middle income
Brazil,2019,1521.14944,1873288158838.63,207455459.0,,Latin America & Caribbean,Upper middle income
Brazil,2020,1209.70683,1476107292151.95,208660842.0,,Latin America & Caribbean,Upper middle income
Brazil,2021,1294.48671,1670647464062.96,209550294.0,,Latin America & Caribbean,Upper middle income
Bulgaria,2015,1.53095,50765918159.1476,6984225.0,3650.0,Europe & Central Asia,High income
Bulgaria,2016,1.76924764650873,53929397039.2106,6894139.0,3434.0,Europe & Central Asia,High income
Bulgaria,2017,1.71896,59167647387.606,6803468.0,3931.0,Europe & Central Asia,High income
Bulgaria,2018,1.375,66097226262.2191,6710798.0,3792.0,Europe & Central Asia,High income
Bulgaria,2019,1.257,68507731353.9114,6616726.0,3901.6,Europe & Central Asia,High income
Bulgaria,2020,1.022,70486877546.4901,6550696.0,4503.0,Europe & Central Asia,High income
Bulgaria,2021,0.058087,84374613233.36,6507301.0,4658.0,Europe & Central Asia,High income
Canada,2015,2074.830881067,1556508816217.14,35704498.0,412985.0,North America,High income
Canada,2016,2246.22709557467,1527994741907.43,36110803.0,396806.0,North America,High income
Canada,2017,2840.9851350232,1649265644244.09,36545075.0,420143.0,North America,High income
Canada,2018,2482.0,1725329192783.02,37072620.0,445546.0,North America,High income
Canada,2019,3109.04305844707,1743725183672.52,37618495.0,446081.0,North America,High income
Canada,2020,2306.166349,1655684730000.19,38028638.0,444032.0,North America,High income
Canada,2021,3240.0,2022378748423.23,38239864.0,430170.0,North America,High income
Chile,2015,1392.236,242450355830.884,18047625.0,4085.724617,Latin America & Caribbean,High income
Chile,2016,1441.23,249344863928.438,18267221.0,4076.755917,Latin America & Caribbean,High income
Chile,2017,1237.960141,276154259981.097,18558868.0,3760.2204401392,Latin America & Caribbean,High income
Chile,2018,1226.44199,295857562991.709,18893191.0,3816.070253512,Latin America & Caribbean,High income
Chile,2019,1232.41109,278285058719.466,19197744.0,3079.8397523271,Latin America & Caribbean,High income
Chile,2020,1458.39578,254042159309.311,19370624.0,3585.4572606123,Latin America & Caribbean,High income
Chile,2021,1283.99841,315325547162.072,19456334.0,,Latin America & Caribbean,High income
China,2015,19805.63,11280814787468.9,1379860000.0,2375430.0,East Asia & Pacific,Upper middle income
China,2016,21304.5851,11456024084962.0,1387790000.0,2379230.0,East Asia & Pacific,Upper middle income
China,2017,23323.6147,12537559062282.9,1396215000.0,2696220.0,East Asia & Pacific,Upper middle income
China,2018,25256.2071,14147765772963.8,1402760000.0,2882100.0,East Asia & Pacific,Upper middle income
China,2019,25394.5878,14560167101283.4,1407745000.0,3018200.0,East Asia & Pacific,Upper middle income
China,2020,19264.2436,14996414166715.1,1411100000.0,,East Asia & Pacific,Upper middle income
China,2021,20961.2116,18201698719564.0,1412360000.0,,East Asia & Pacific,Upper middle income
Croatia,2015,0.77532,50998893384.8289,4151725.0,2183.0,Europe & Central Asia,High income
Croatia,2016,0.65658,52650714171.8617,4106867.0,2160.0,Europe & Central Asia,High income
Croatia,2017,0.58275,56182782585.9052,4041407.0,2592.0,Europe & Central Asia,High income
Croatia,2018,0.52979,61667925219.0755,3988775.0,2743.0,Europe & Central Asia,High income
Croatia,2019,0.4406,61466721186.3116,3949390.0,2911.0,Europe & Central Asia,High income
Croatia,2020,0.17935,57959843541.3699,3914206.0,3279.0,Europe & Central Asia,High income
Croatia,2021,0.14853,69002365163.3368,3878981.0,3172.0,Europe & Central Asia,High income
Czechia,2015,26.71765,189107698561.919,10546059.0,15261.102013,Europe & Central Asia,High income
Czechia,2016,25.294469,198160659303.939,10566332.0,15618.690243,Europe & Central Asia,High income
Czechia,2017,27.81465,221563575696.217,10594438.0,15842.778,Europe & Central Asia,High income
Czechia,2018,25.22637,251992360762.236,10629928.0,16564.19,Europe & Central Asia,High income
Czechia,2019,22.73254,256794209028.77,10671870.0,16179.68,Europe & Central Asia,High income
Czechia,2020,4.323665454,251109660602.536,10697858.0,15250.611,Europe & Central Asia,High income
Czechia,2021,0.47308,290972714482.313,10505772.0,16326.011,Europe & Central Asia,High income
Denmark,2015,,301758922337.637,5683483.0,2603.0,Europe & Central Asia,High income
Denmark,2016,,312181849372.233,5728010.0,2575.0,Europe & Central Asia,High income
Denmark,2017,,331610593961.988,5764980.0,2653.0,Europe & Central Asia,High income
Denmark,2018,,355293374912.393,5793636.0,2592.0,Europe & Central Asia,High income
Denmark,2019,,345401473012.615,5814422.0,,Europe & Central Asia,High income
Denmark,2020,,355631021931.621,5831404.0,,Europe & Central Asia,High income
Denmark,2021,,406110162088.054,5856733.0,,Europe & Central Asia,High income
Estonia,2015,0.870362136,23311847750.9394,1315407.0,3114.0,Europe & Central Asia,High income
Estonia,2016,0.003,24561027787.7896,1315790.0,2339.0,Europe & Central Asia,High income
Estonia,2017,,27469461919.1189,1317384.0,2325.0,Europe & Central Asia,High income
Estonia,2018,0.0,31222632740.7247,1321977.0,2594.0,Europe & Central Asia,High income
Estonia,2019,0.0,31873748770.0313,1326898.0,2155.0,Europe & Central Asia,High income
Estonia,2020,,31820771493.8974,1329522.0,1729.0,Europe & Central Asia,High income
Estonia,2021,,37201101170.5847,1330932.0,2128.0,Europe & Central Asia,High income
Finland,2015,713.484,233210733506.25,5479531.0,8468.0,Europe & Central Asia,High income
Finland,2016,761.85394,238777818792.608,5495303.0,9455.0,Europe & Central Asia,High income
Finland,2017,852.01263,253846138440.0,5508214.0,10362.0,Europe & Central Asia,High income
Finland,2018,957.63859,273869255596.078,5515525.0,11175.0,Europe & Central Asia,High income
Finland,2019,1067.31511,267014821129.411,5521606.0,10270.0,Europe & Central Asia,High income
Finland,2020,480.37919,270000311606.226,5529543.0,10138.0,Europe & Central Asia,High income
Finland,2021,750.28925,294223210496.119,5541017.0,10749.0,Europe & Central Asia,High income
France,2015,4098.31,2442483452642.5,66548272.0,36328.056893,Europe & Central Asia,High income
France,2016,4155.407,2470407619777.13,66724104.0,34699.8,Europe & Central Asia,High income
France,2017,4260.597,2588868323334.71,66918020.0,35464.9,Europe & Central Asia,High income
France,2018,4443.789,2781576320884.39,67158348.0,33835.6,Europe & Central Asia,High income
France,2019,4522.586,2722793515171.76,67382061.0,33893.1,Europe & Central Asia,High income
France,2020,2467.943,2647926055110.05,67601110.0,31281.8,Europe & Central Asia,High income
France,2021,4107.03,2966433692008.09,67842811.0,35751.3,Europe & Central Asia,High income
Georgia,2015,0.18504,15223796148.8396,3725276.0,4261.25,Europe & Central Asia,Upper middle income
Georgia,2016,0.18050796,15444548901.9637,3727505.0,3424.0,Europe & Central Asia,Upper middle income
Georgia,2017,0.4784,16473125375.0684,3728004.0,2963.0,Europe & Central Asia,Upper middle income
Georgia,2018,0.7509,17902544880.6471,3726549.0,2598.0,Europe & Central Asia,Upper middle income
Georgia,2019,0.640604,17638337116.9126,3720161.0,2935.0,Europe & Central Asia,Upper middle income
Georgia,2020,0.1347,16010869215.68,3722716.0,2925.0,Europe & Central Asia,Upper middle income
Georgia,2021,0.11335,18853115588.8106,3708610.0,3322.0,Europe & Central Asia,Upper middle income
Germany,2015,6986.405444999,3425099578746.09,81686611.0,116632.0,Europe & Central Asia,High income
Germany,2016,6942.706331998,3536787895179.0,82348669.0,128866.0,Europe & Central Asia,High income
Germany,2017,7901.65234423,3765351626105.89,82657002.0,131204.0,Europe & Central Asia,High income
Germany,2018,7969.86364,4055433215301.96,82905782.0,129991.0,Europe & Central Asia,High income
Germany,2019,7763.61921423928,3959894794039.21,83092962.0,129161.0,Europe & Central Asia,High income
Germany,2020,9166.3712826,3941398957073.94,83160871.0,108406.0,Europe & Central Asia,High income
Germany,2021,11533.04853603,4355251953410.78,83196078.0,123067.0,Europe & Central Asia,High income
Greece,2015,26.10771098,194567373678.099,10820883.0,294.0,Europe & Central Asia,High income
Greece,2016,23.993,193097239005.87,10775971.0,254.0,Europe & Central Asia,High income
Greece,2017,23.525,200381103984.298,10754679.0,358.0,Europe & Central Asia,High income
Greece,2018,21.909,213298873494.394,10732882.0,408.0,Europe & Central Asia,High income
Greece,2019,23.90576,207305649887.019,10721582.0,491.0,Europe & Central Asia,High income
Greece,2020,10.09844,191362985554.861,10698599.0,555.0,Europe & Central Asia,High income
Greece,2021,12.4593,218303801895.326,10569207.0,579.0,Europe & Central Asia,High income
Hungary,2015,,125244126623.289,9797755.0,10009.615,Europe & Central Asia,High income
Hungary,2016,,128983560865.293,9759755.0,10527.534,Europe & Central Asia,High income
Hungary,2017,,143335098991.862,9726756.0,11344.565,Europe & Central Asia,High income
Hungary,2018,0.0,161184691013.835,9706964.0,10584.08,Europe & Central Asia,High income
Hungary,2019,0.0,164936682033.992,9694824.0,10624.909,Europe & Central Asia,High income
Hungary,2020,,158468487754.196,9670419.0,11594.698,Europe & Central Asia,High income
Hungary,2021,,183282685440.486,9630932.0,11345.601,Europe & Central Asia,High income
Iceland,2015,107.696809,17700486957.1907,330815.0,,Europe & Central Asia,High income
Iceland,2016,128.008190221,21083713310.457,335439.0,,Europe & Central Asia,High income
Iceland,2017,166.75235,25060086487.8901,343400.0,,Europe & Central Asia,High income
Iceland,2018,163.646108143,26677652544.3499,352721.0,,Europe & Central Asia,High income
Iceland,2019,138.653502,24985687022.0452,360563.0,,Europe & Central Asia,High income
Iceland,2020,135.059286,22034665040.7901,366463.0,,Europe & Central Asia,High income
Iceland,2021,149.000507,26234872402.457,372520.0,,Europe & Central Asia,High income
India,2015,1833.847614,2103588360044.94,1328024498.0,681696.0,South Asia,Lower middle income
India,2016,1893.8815,2294796885663.16,1343944296.0,654481.0,South Asia,Lower middle income
India,2017,2407.098107,2651474262755.45,1359657400.0,620175.0,South Asia,Lower middle income
India,2018,2703.96417383,2702929641648.74,1374659064.0,692916.0,South Asia,Lower middle income
India,2019,1938.232596,2835606256558.19,1389030312.0,738523.0,South Asia,Lower middle income
India,2020,875.122843,2674851578587.27,1402617695.0,707665.0,South Asia,Lower middle income
India,2021,907.929041,3167270623260.47,1414203896.0,719762.0,South Asia,Lower middle income
Indonesia,2015,758.705163350469,860854232686.214,261799249.0,10057.0,East Asia & Pacific,Upper middle income
Indonesia,2016,974.556289,931877364037.698,264627418.0,11120.0,East Asia & Pacific,Upper middle income
Indonesia,2017,1052.36048,1015618744159.73,267346658.0,13396.0,East Asia & Pacific,Upper middle income
Indonesia,2018,1131.913455454,1042271532988.63,269951846.0,15091.0,East Asia & Pacific,Upper middle income
Indonesia,2019,981.74186,1119099871350.2,272489381.0,15573.0,East Asia & Pacific,Upper middle income
Indonesia,2020,674.799378544,1059054842698.48,274814866.0,,East Asia & Pacific,Upper middle income
Indonesia,2021,772.901013,1186509691086.73,276758053.0,,East Asia & Pacific,Upper middle income
Ireland,2015,138.58,302101388556.271,4701957.0,96.0,Europe & Central Asia,High income
Ireland,2016,118.207,305431252708.748,4762722.0,101.0,Europe & Central Asia,High income
Ireland,2017,154.38504,348355212568.515,4827445.0,100.0,Europe & Central Asia,High income
Ireland,2018,168.7117,395780319816.603,4898022.0,89.0,Europe & Central Asia,High income
Ireland,2019,174.5404,407211793800.713,4976456.0,72.0,Europe & Central Asia,High income
Ireland,2020,131.775022,436009027818.948,5039747.0,74.0,Europe & Central Asia,High income
Ireland,2021,86.36447,530394123829.763,5110585.0,70.0,Europe & Central Asia,High income
Israel,2015,758.633996,303469434072.296,8380100.0,1155.0,Middle East & North Africa,High income
Israel,2016,783.925,321940971558.016,8546000.0,1404.4,Middle East & North Africa,High income
Israel,2017,912.898,358451839052.991,8713300.0,1380.5,Middle East & North Africa,High income
Israel,2018,994.542,376299083108.497,8882800.0,1235.1,Middle East & North Africa,High income
Israel,2019,889.334,400645216358.857,9054000.0,1241.5,Middle East & North Africa,High income
Israel,2020,816.628,410768352657.612,9215100.0,1250.1,Middle East & North Africa,High income
Israel,2021,715.59,489851549972.347,9371400.0,1085.0,Middle East & North Africa,High income
Italy,2015,945.2649666,1845428048839.1,60229605.0,20781.0,Europe & Central Asia,High income
Italy,2016,1083.244836,1887111188176.93,60115223.0,22712.0,Europe & Central Asia,High income
Italy,2017,1437.245062,1970720904584.71,60002252.0,22335.0,Europe & Central Asia,High income
Italy,2018,1418.004731,2099435266458.67,60148658.0,22070.0,Europe & Central Asia,High income
Italy,2019,1344.955151,2019606796583.53,59729081.0,21309.0,Europe & Central Asia,High income
Italy,2020,978.76063,1907481094079.23,59438851.0,20750.0,Europe & Central Asia,High income
Italy,2021,1150.691582,2179207773596.09,59133173.0,24262.0,Europe & Central Asia,High income
Japan,2015,8661.758,4444930651964.18,127141000.0,21519.0,East Asia & Pacific,High income
Japan,2016,9360.888,5003677627544.24,127076000.0,21265.0,East Asia & Pacific,High income
Japan,2017,10684.574,4930837369151.42,126972000.0,21663.0,East Asia & Pacific,High income
Japan,2018,9420.659,5040880939324.86,126811000.0,19369.0,East Asia & Pacific,High income
Japan,2019,8919.48,5117993853016.51,126633000.0,19993.0,East Asia & Pacific,High income
Japan,2020,7841.508,5054068005376.28,126261000.0,18340.0,East Asia & Pacific,High income
Japan,2021,10947.023,5039148168861.22,125681593.0,,East Asia & Pacific,High income
"Korea, Rep.",2015,11293.801266,1539212301135.55,51014947.0,9479.0,East Asia & Pacific,High income
"Korea, Rep.",2016,10805.992,1579150518945.44,51217803.0,8414.0,East Asia & Pacific,High income
"Korea, Rep.",2017,11511.801211,1710196756713.17,51361911.0,8229.0,East Asia & Pacific,High income
"Korea, Rep.",2018,11518.6260683819,1824251454306.83,51585058.0,7878.0,East Asia & Pacific,High income
"Korea, Rep.",2019,10664.3782296361,1751045752054.63,51764822.0,7357.0,East Asia & Pacific,High income
"Korea, Rep.",2020,12456.57079,1744070276373.34,51836239.0,6652.0,East Asia & Pacific,High income
"Korea, Rep.",2021,15370.019378,1942313560965.9,51769539.0,6757.0,East Asia & Pacific,High income
Latvia,2015,2.277996,26344565876.8902,1977527.0,18906.0,Europe & Central Asia,High income
Latvia,2016,2.157,27117105059.5075,1959537.0,15873.0,Europe & Central Asia,High income
Latvia,2017,2.83108,29391059767.4259,1942248.0,15014.0,Europe & Central Asia,High income
Latvia,2018,4.01487,33247935477.3576,1927174.0,17859.0,Europe & Central Asia,High income
Latvia,2019,5.1637624,33099503950.847,1913822.0,15019.0,Europe & Central Asia,High income
Latvia,2020,4.32123,33379927434.6149,1900449.0,7979.0,Europe & Central Asia,High income
Latvia,2021,2.31822,38183326784.9335,1884490.0,7366.6,Europe & Central Asia,High income
Lebanon,2015,54.077,49929337836.8159,6472469.0,,Middle East & North Africa,Lower middle income
Lebanon,2016,45.558,51147308774.1294,6323060.0,,Middle East & North Africa,Lower middle income
Lebanon,2017,53.387,53027680685.9038,6160128.0,,Middle East & North Africa,Lower middle income
Lebanon,2018,56.569,54901519155.5556,5984119.0,,Middle East & North Africa,Lower middle income
Lebanon,2019,51.70094,51605959131.2741,5794594.0,,Middle East & North Africa,Lower middle income
Lebanon,2020,19.11662,31712128253.7961,5702398.0,,Middle East & North Africa,Lower middle income
Lebanon,2021,22.23564,23131941556.7843,5718122.0,,Middle East & North Africa,Lower middle income
Lithuania,2015,0.56564667,41540954817.2039,2911109.0,14036.0,Europe & Central Asia,High income
Lithuania,2016,0.472,42970749245.0336,2877325.0,13790.0,Europe & Central Asia,High income
Lithuania,2017,0.472,47756764508.446,2842639.0,15414.0,Europe & Central Asia,High income
Lithuania,2018,0.0,54261795148.5372,2819200.0,16885.0,Europe & Central Asia,High income
Lithuania,2019,0.0,55122066225.796,2811089.0,16181.0,Europe & Central Asia,High income
Lithuania,2020,2.80719338834438,57412038533.2718,2810369.0,15865.0,Europe & Central Asia,High income
Lithuania,2021,,67037321008.9679,2808380.0,14566.0,Europe & Central Asia,High income
Luxembourg,2015,6309.473324,60071584216.1375,569604.0,206.945675,Europe & Central Asia,High income
Luxembourg,2016,6877.761503,62216885435.9488,582014.0,201.499302247,Europe & Central Asia,High income
Luxembourg,2017,7321.11217,65712180342.9836,596336.0,213.657253404,Europe & Central Asia,High income
Luxembourg,2018,7323.03958,71085623495.1145,607950.0,223.158399212,Europe & Central Asia,High income
Luxembourg,2019,7188.04334,69872035113.6469,620001.0,191.152773984,Europe & Central Asia,High income
Luxembourg,2020,7344.759036,73670782100.3909,630419.0,162.0,Europe & Central Asia,High income
Luxembourg,2021,8588.53476,86386759695.1653,640064.0,176.0,Europe & Central Asia,High income
Mexico,2015,714.003211,1213294467716.88,121072306.0,82712.0,Latin America & Caribbean,Upper middle income
Mexico,2016,760.849242,1112233497452.7,122251351.0,84683.0,Latin America & Caribbean,Upper middle income
Mexico,2017,928.83550977,1190721475906.0,123400057.0,86316.0,Latin America & Caribbean,Upper middle income
Mexico,2018,1062.987599,1256300182879.73,124573711.0,87924.0,Latin America & Caribbean,Upper middle income
Mexico,2019,1072.52473,1304106203902.45,125762982.0,89049.0,Latin America & Caribbean,Upper middle income
Mexico,2020,732.796479,1121064767308.42,126799054.0,86224.0,Latin America & Caribbean,Upper middle income
Mexico,2021,962.569234,1316569466685.95,127648148.0,92437.0,Latin America & Caribbean,Upper middle income
Moldova,2015,0.48963,7797667196.73087,2835978.0,963.0,Europe & Central Asia,Upper middle income
Moldova,2016,0.486910181772908,7980917075.7748,2803186.0,790.0,Europe & Central Asia,Upper middle income
Moldova,2017,0.55191,9514404016.20949,2755189.0,987.0,Europe & Central Asia,Upper middle income
Moldova,2018,0.6445,11252353420.8798,2707203.0,1012.0,Europe & Central Asia,Upper middle income
Moldova,2019,1.22908832,11736797054.6965,2664224.0,940.3,Europe & Central Asia,Upper middle income
Moldova,2020,0.45188,11530746234.4492,2635130.0,599.0,Europe & Central Asia,Upper middle income
Moldova,2021,0.60711,13691869264.0794,2595809.0,664.5,Europe & Central Asia,Upper middle income
Mongolia,2015,7.843989,11619892590.6941,3026864.0,11462.59,East Asia & Pacific,Upper middle income
Mongolia,2016,8.02203384325573,11181350649.3573,3088856.0,12371.0,East Asia & Pacific,Upper middle income
Mongolia,2017,8.36736,11480847740.736,3148917.0,13493.0,East Asia & Pacific,Upper middle income
Mongolia,2018,7.819001,13178094720.4986,3208189.0,,East Asia & Pacific,Upper middle income
Mongolia,2019,7.38543,14206359017.5143,3267673.0,17384.0,East Asia & Pacific,Upper middle income
Mongolia,2020,1.37475,13312981429.0891,3327204.0,18972.0,East Asia & Pacific,Upper middle income
Mongolia,2021,0.168685,15286441737.6686,3383741.0,18345.0,East Asia & Pacific,Upper middle income
Montenegro,2015,,4010885990.83986,624651.0,111.9,Europe & Central Asia,Upper middle income
Montenegro,2016,0.0587,4357469330.46719,625353.0,112.5,Europe & Central Asia,Upper middle income
Montenegro,2017,0.1119,4803962015.62122,625982.0,168.9,Europe & Central Asia,Upper middle income
Montenegro,2018,0.1345,5433467174.79183,626438.0,112.856,Europe & Central Asia,Upper middle income
Montenegro,2019,0.15295,5483476883.4658,626753.0,130.33,Europe & Central Asia,Upper middle income
Montenegro,2020,,4723571497.76347,626590.0,,Europe & Central Asia,Upper middle income
Montenegro,2021,0.0322728,5823715809.63286,625053.0,,Europe & Central Asia,Upper middle income
Morocco,2015,52.913598,110413823841.592,34607588.0,4748.521,Middle East & North Africa,Lower middle income
Morocco,2016,53.82625368,111572947004.917,35023457.0,3831.0,Middle East & North Africa,Lower middle income
Morocco,2017,77.93581,118540573367.844,35446392.0,3896.0,Middle East & North Africa,Lower middle income
Morocco,2018,97.71152,127341147581.818,35839760.0,3485.0,Middle East & North Africa,Lower middle income
Morocco,2019,102.19214,128920266409.458,36210898.0,3125.0,Middle East & North Africa,Lower middle income
Morocco,2020,46.244684,121353645057.144,36584208.0,3111.0,Middle East & North Africa,Lower middle income
Morocco,2021,58.894368,142022058447.231,36954442.0,3148.0,Middle East & North Africa,Lower middle income
Namibia,2015,30.302405,11335161083.5061,2374300.0,,Sub-Saharan Africa,Lower middle income
Namibia,2016,21.084889,10722018732.0936,2439213.0,,Sub-Saharan Africa,Lower middle income
Namibia,2017,22.206886,12895153370.9132,2506853.0,,Sub-Saharan Africa,Lower middle income
Namibia,2018,26.293869,13682019076.4022,2577327.0,,Sub-Saharan Africa,Lower middle income
Namibia,2019,6.900144,12541928303.48,2650494.0,,Sub-Saharan Africa,Lower middle income
Namibia,2020,1.636713284,10583748541.5258,2728762.0,,Sub-Saharan Africa,Lower middle income
Namibia,2021,0.000290479,12402486183.6396,2810548.0,,Sub-Saharan Africa,Lower middle income
Nepal,2015,4.536371616,24360801286.7638,27823629.0,,South Asia,Lower middle income
Nepal,2016,4.895080058,24524109483.5293,27955462.0,,South Asia,Lower middle income
Nepal,2017,4.5668399023,28971588940.364,28011258.0,,South Asia,Lower middle income
Nepal,2018,8.84572,33111525237.149,28079689.0,,South Asia,Lower middle income
Nepal,2019,5.847551,34186180699.0255,28414064.0,,South Asia,Lower middle income
Nepal,2020,13.689186,33433659301.2466,28966574.0,,South Asia,Lower middle income
Nepal,2021,17.307683,36924841394.2605,29475010.0,,South Asia,Lower middle income
Netherlands,2015,5292.794684592,775743675302.734,16939923.0,6545.0,Europe & Central Asia,High income
Netherlands,2016,4745.958515461,797163949289.885,17030314.0,6641.0,Europe & Central Asia,High income
Netherlands,2017,5855.480475616,848233537845.884,17131296.0,6467.0,Europe & Central Asia,High income
Netherlands,2018,5886.51490365179,929733599796.862,17231624.0,7026.0,Europe & Central Asia,High income
Netherlands,2019,5656.442,928903005576.469,17344874.0,7080.0,Europe & Central Asia,High income
Netherlands,2020,4145.02216,932560861701.17,17441500.0,6665.0,Europe & Central Asia,High income
Netherlands,2021,4346.39907,1054472123449.6,17533044.0,7188.0,Europe & Central Asia,High income
New Zealand,2015,1155.45872005615,178224167087.99,4609400.0,4348.553709,East Asia & Pacific,High income
New Zealand,2016,1231.85419306685,189100085275.23,4714100.0,4189.628417,East Asia & Pacific,High income
New Zealand,2017,1335.95320545677,206745969246.073,4813600.0,3618.534146,East Asia & Pacific,High income
New Zealand,2018,1349.29523130803,211985631173.205,4900600.0,4217.0,East Asia & Pacific,High income
New Zealand,2019,1207.88220494,213006341101.869,4970300.0,4545.0,East Asia & Pacific,High income
New Zealand,2020,773.953135823,213029554653.687,5072400.0,4131.0,East Asia & Pacific,High income
New Zealand,2021,317.589119892521,253977931814.967,5084600.0,4444.0,East Asia & Pacific,High income
Norway,2015,,388159512245.53,5188607.0,3631.0,Europe & Central Asia,High income
Norway,2016,,370956547619.048,5234519.0,3823.0,Europe & Central Asia,High income
Norway,2017,,401745275035.261,5276968.0,4040.0,Europe & Central Asia,High income
Norway,2018,,439788625883.8,5311916.0,3970.0,Europe & Central Asia,High income
Norway,2019,,408742840909.091,5347896.0,3903.0,Europe & Central Asia,High income
Norway,2020,,367633418886.627,5379475.0,4110.0,Europe & Central Asia,High income
Norway,2021,,503367986030.268,5408320.0,4305.0,Europe & Central Asia,High income
Oman,2015,412.234008,78710793237.9714,4184895.0,,Middle East & North Africa,High income
Oman,2016,425.202175,75128738621.5865,4390877.0,,Middle East & North Africa,High income
Oman,2017,434.92173,80856697009.1027,4537396.0,,Middle East & North Africa,High income
Oman,2018,510.425983,91505851755.5267,4597877.0,,Middle East & North Africa,High income
Oman,2019,566.923,88060858257.4772,4591241.0,,Middle East & North Africa,High income
Oman,2020,51.918137,75909492847.8544,4522497.0,,Middle East & North Africa,High income
Oman,2021,254.45727,87323797139.1417,4500424.0,,Middle East & North Africa,High income
Pakistan,2015,183.17731267,299963590534.773,217290883.0,3301.0,Middle East & North Africa,Lower middle income
Pakistan,2016,175.4744,313630000130.435,220138869.0,4774.0,Middle East & North Africa,Lower middle income
Pakistan,2017,214.52857,339205534861.1,223273967.0,5031.0,Middle East & North Africa,Lower middle income
Pakistan,2018,217.534134,356128166704.921,226928892.0,8080.0,Middle East & North Africa,Lower middle income
Pakistan,2019,192.977927,320909472770.669,230800899.0,,Middle East & North Africa,Lower middle income
Pakistan,2020,95.88035,300425609817.981,235001746.0,,Middle East & North Africa,Lower middle income
Pakistan,2021,75.60493,348516647445.148,239477801.0,,Middle East & North Africa,Lower middle income
Paraguay,2015,1.641624,36211447840.1027,6159103.0,,Latin America & Caribbean,Upper middle income
Paraguay,2016,1.774534,36089700222.9546,6249126.0,,Latin America & Caribbean,Upper middle income
Paraguay,2017,1.857094,38997129473.5613,6338660.0,,Latin America & Caribbean,Upper middle income
Paraguay,2018,1.970266,40225448340.6341,6427382.0,,Latin America & Caribbean,Upper middle income
Paraguay,2019,1.842301,37925338329.156,6515058.0,,Latin America & Caribbean,Upper middle income
Paraguay,2020,0.478,35432178068.1756,6603739.0,,Latin America & Caribbean,Upper middle income
Paraguay,2021,0.312,39950899938.7474,6684182.0,,Latin America & Caribbean,Upper middle income
Peru,2015,329.568817319152,189802976285.619,30457600.0,,Latin America & Caribbean,Upper middle income
Peru,2016,276.1751,191898104390.379,30866494.0,,Latin America & Caribbean,Upper middle income
Peru,2017,316.825703,211007984080.911,31324637.0,,Latin America & Caribbean,Upper middle income
Peru,2018,313.264641181,222597009739.235,31897584.0,,Latin America & Caribbean,Upper middle income
Peru,2019,340.335049,228346006003.648,32449303.0,,Latin America & Caribbean,Upper middle income
Peru,2020,96.451838,201409694755.934,32838579.0,,Latin America & Caribbean,Upper middle income
Peru,2021,258.342932,226328766459.634,33155882.0,,Latin America & Caribbean,Upper middle income
Philippines,2015,604.508812,306445871242.322,105312992.0,,East Asia & Pacific,Lower middle income
Philippines,2016,665.124567915,318627003016.731,106735719.0,,East Asia & Pacific,Lower middle income
Philippines,2017,753.351739,328480736802.76,108119693.0,,East Asia & Pacific,Lower middle income
Philippines,2018,835.904513,346841896587.313,109465287.0,,East Asia & Pacific,Lower middle income
Philippines,2019,926.888641,376823402239.136,110804683.0,,East Asia & Pacific,Lower middle income
Philippines,2020,360.409324,361751145451.597,112081264.0,,East Asia & Pacific,Lower middle income
Philippines,2021,530.283136,394087359848.11,113100950.0,,East Asia & Pacific,Lower middle income
Poland,2015,114.791591876,480054118583.367,37986412.0,50602.9,Europe & Central Asia,High income
Poland,2016,155.552044,473259583969.643,37970087.0,50650.0,Europe & Central Asia,High income
Poland,2017,221.814,528356676667.211,37974826.0,54797.0,Europe & Central Asia,High income
Poland,2018,271.488,594616687350.017,37974750.0,59388.0,Europe & Central Asia,High income
Poland,2019,317.866,602683770144.88,37965475.0,54584.0,Europe & Central Asia,High income
Poland,2020,140.556639,605914237903.742,37515748.0,51096.0,Europe & Central Asia,High income
Poland,2021,215.00546,689170230665.35,36981559.0,54387.0,Europe & Central Asia,High income
Portugal,2015,343.964162,199038523119.639,10358076.0,2661.0,Europe & Central Asia,High income
Portugal,2016,327.012274,206305431241.638,10325452.0,2622.0,Europe & Central Asia,High income
Portugal,2017,421.8294532,220862990767.229,10300300.0,2742.0,Europe & Central Asia,High income
Portugal,2018,454.209368,242092894542.888,10283822.0,2863.0,Europe & Central Asia,High income
Portugal,2019,536.98922,240115970063.019,10286263.0,2476.0,Europe & Central Asia,High income
Portugal,2020,280.010031636,229618773422.577,10297081.0,2402.0,Europe & Central Asia,High income
Portugal,2021,500.44279,256055879091.139,10361831.0,2699.0,Europe & Central Asia,High income
Romania,2015,4.7179,177885131240.315,19815616.0,13673.0,Europe & Central Asia,High income
Romania,2016,4.2237,185290759248.844,19702267.0,13535.0,Europe & Central Asia,High income
Romania,2017,2.8045,210147385855.419,19588715.0,13782.0,Europe & Central Asia,High income
Romania,2018,2.71,241791427223.903,19473970.0,13076.0,Europe & Central Asia,High income
Romania,2019,3.334,250080428511.595,19371648.0,13312.0,Europe & Central Asia,High income
Romania,2020,0.889334,250625048303.578,19265250.0,,Europe & Central Asia,High income
Romania,2021,1.6239,285071280114.469,19122059.0,,Europe & Central Asia,High income
Saudi Arabia,2015,826.83,693414400000.0,29816382.0,,Middle East & North Africa,High income
Saudi Arabia,2016,833.991,689279466666.667,30954198.0,,Middle East & North Africa,High income
Saudi Arabia,2017,867.640758,741266133333.333,30977355.0,,Middle East & North Africa,High income
Saudi Arabia,2018,1085.47,886564800000.0,30196281.0,,Middle East & North Africa,High income
Saudi Arabia,2019,2043.245359,888890133333.333,30063799.0,,Middle East & North Africa,High income
Saudi Arabia,2020,581.5205976,767951200000.0,31552510.0,,Middle East & North Africa,High income
Saudi Arabia,2021,678.56349068879,982661066666.667,30784383.0,,Middle East & North Africa,High income
Senegal,2015,3.09552348483269,17774766696.1759,14593331.0,,Sub-Saharan Africa,Lower middle income
Senegal,2016,0.133149772,19040312333.1864,15034521.0,,Sub-Saharan Africa,Lower middle income
Senegal,2017,0.041650904321273,20996562943.5979,15475002.0,,Sub-Saharan Africa,Lower middle income
Senegal,2018,0.0,23116701556.1381,15914498.0,,Sub-Saharan Africa,Lower middle income
Senegal,2019,2.091018,23403995992.1354,16352922.0,,Sub-Saharan Africa,Lower middle income
Senegal,2020,2.573077,24530513037.7518,16789219.0,,Sub-Saharan Africa,Lower middle income
Senegal,2021,3.312494155,27520784129.7508,17220867.0,,Sub-Saharan Africa,Lower middle income
Serbia,2015,3.217,41297410634.9586,7095383.0,3248.0,Europe & Central Asia,Upper middle income
Serbia,2016,4.737729,42225495909.5633,7058322.0,3087.0,Europe & Central Asia,Upper middle income
Serbia,2017,7.355192,45972834713.8077,7020858.0,3288.0,Europe & Central Asia,Upper middle income
Serbia,2018,17.7117,52787520248.9242,6982604.0,3186.0,Europe & Central Asia,Upper middle income
Serbia,2019,13.313,53864693664.5568,6945235.0,2865.0,Europe & Central Asia,Upper middle income
Serbia,2020,8.101,55874017668.998,6899126.0,2747.0,Europe & Central Asia,Upper middle income
Serbia,2021,14.071,66159884072.5308,6834326.0,2925.0,Europe & Central Asia,Upper middle income
Singapore,2015,6331.93030364296,307998545269.398,5535002.0,,East Asia & Pacific,High income
Singapore,2016,6695.81127593532,319646468521.497,5607283.0,,East Asia & Pacific,High income
Singapore,2017,5062.992579,343673334902.33,5612253.0,,East Asia & Pacific,High income
Singapore,2018,6947.43532775345,377123710560.614,5638676.0,,East Asia & Pacific,High income
Singapore,2019,6411.98982815646,376161998830.048,5703569.0,,East Asia & Pacific,High income
Singapore,2020,3019.926083,349165858544.568,5685807.0,,East Asia & Pacific,High income
Singapore,2021,3666.850451,436591382250.464,5453566.0,,East Asia & Pacific,High income
Slovak Republic,2015,,89178548717.3324,5423801.0,8439.0,Europe & Central Asia,High income
Slovak Republic,2016,,90347173228.6356,5430798.0,9111.0,Europe & Central Asia,High income
Slovak Republic,2017,,95978130734.9766,5439232.0,8486.0,Europe & Central Asia,High income
Slovak Republic,2018,,106611673364.837,5446771.0,8691.0,Europe & Central Asia,High income
Slovak Republic,2019,0.0,105843498304.094,5454147.0,8480.0,Europe & Central Asia,High income
Slovak Republic,2020,,107732602896.441,5458827.0,7268.0,Europe & Central Asia,High income
Slovak Republic,2021,,120511265913.343,5447247.0,8580.0,Europe & Central Asia,High income
Slovenia,2015,0.8,42709468274.8137,2063531.0,4175.0,Europe & Central Asia,High income
Slovenia,2016,0.41874,44290685824.0682,2065042.0,4360.0,Europe & Central Asia,High income
Slovenia,2017,0.5664,48153200134.6613,2066388.0,5128.0,Europe & Central Asia,High income
Slovenia,2018,0.54284,53689067639.9176,2073894.0,5151.0,Europe & Central Asia,High income
Slovenia,2019,0.35950656,53909922735.545,2088385.0,5292.0,Europe & Central Asia,High income
Slovenia,2020,,53384760135.1581,2102419.0,4726.0,Europe & Central Asia,High income
Slovenia,2021,,61540813361.8556,2108079.0,4937.0,Europe & Central Asia,High income
South Africa,2015,892.734324084,346709790458.563,56723537.0,,Sub-Saharan Africa,Upper middle income
South Africa,2016,767.271186,323585509674.481,57259551.0,,Sub-Saharan Africa,Upper middle income
South Africa,2017,833.347947527025,381448814653.456,57635162.0,,Sub-Saharan Africa,Upper middle income
South Africa,2018,696.730006,405260723892.517,58613001.0,,Sub-Saharan Africa,Upper middle income
South Africa,2019,565.20947,389330032224.269,59587885.0,,Sub-Saharan Africa,Upper middle income
South Africa,2020,102.392463,337974655408.055,60562381.0,,Sub-Saharan Africa,Upper middle income
South Africa,2021,15.131581,419986284375.368,61502603.0,,Sub-Saharan Africa,Upper middle income
Spain,2015,1035.487113,1206164777553.12,46422303.0,10812.0,Europe & Central Asia,High income
Spain,2016,1068.160640636,1243015667917.12,46458139.0,10644.0,Europe & Central Asia,High income
Spain,2017,1078.63356,1321754088818.83,46571232.0,10507.0,Europe & Central Asia,High income
Spain,2018,1118.73285,1431642809327.06,46782011.0,10792.0,Europe & Central Asia,High income
Spain,2019,1191.466578,1403496387686.27,47118501.0,10459.0,Europe & Central Asia,High income
Spain,2020,494.260587847,1289783836971.21,47359424.0,8969.6,Europe & Central Asia,High income
Spain,2021,850.819356,1461244901852.69,47443821.0,10299.0,Europe & Central Asia,High income
Sri Lanka,2015,381.6320526,85090301052.0465,20970000.0,127.39,South Asia,Lower middle income
Sri Lanka,2016,403.075583974751,88000211171.5956,21209000.0,,South Asia,Lower middle income
Sri Lanka,2017,398.473464249,94369350285.5814,21453000.0,,South Asia,Lower middle income
Sri Lanka,2018,436.198,94450015982.8405,21670000.0,,South Asia,Lower middle income
Sri Lanka,2019,394.05,88998706296.5783,21803000.0,,South Asia,Lower middle income
Sri Lanka,2020,226.479,84335574581.5072,21919000.0,,South Asia,Lower middle income
Sri Lanka,2021,412.484,88556698937.7033,22156000.0,,South Asia,Lower middle income
Sweden,2015,594.0,501602351911.6,9799186.0,20699.0,Europe & Central Asia,High income
Sweden,2016,690.0,513058312950.939,9923085.0,21406.0,Europe & Central Asia,High income
Sweden,2017,762.0,535172356784.769,10057698.0,21838.0,Europe & Central Asia,High income
Sweden,2018,991.0,549649344043.182,10175214.0,22794.306069132,Europe & Central Asia,High income
Sweden,2019,985.655671715528,530894124494.418,10278887.0,22222.065674494,Europe & Central Asia,High income
Sweden,2020,304.418496636947,544265668451.678,10353442.0,22093.897979015,Europe & Central Asia,High income
Sweden,2021,348.598679007,631693331300.776,10415811.0,23246.0,Europe & Central Asia,High income
Switzerland,2015,1409.329209,694118186379.628,8282396.0,12431.0,Europe & Central Asia,High income
Switzerland,2016,1532.761243,687895460902.713,8373338.0,12447.0,Europe & Central Asia,High income
Switzerland,2017,1581.35236,695200833086.499,8451840.0,11653.0,Europe & Central Asia,High income
Switzerland,2018,1841.314,725568717468.001,8514329.0,11776.0,Europe & Central Asia,High income
Switzerland,2019,1640.735,721369112726.724,8575280.0,11666.0,Europe & Central Asia,High income
Switzerland,2020,842.992,741999406005.627,8638167.0,11063.0,Europe & Central Asia,High income
Switzerland,2021,1230.786090909,815309330986.719,8704546.0,12024.0,Europe & Central Asia,High income
Thailand,2015,2136.72847939514,401296238228.084,70540795.0,,East Asia & Pacific,Upper middle income
Thailand,2016,2160.069653102,413366349747.508,70859841.0,,East Asia & Pacific,Upper middle income
Thailand,2017,2511.891367964,456356813536.764,71160187.0,,East Asia & Pacific,Upper middle income
Thailand,2018,2666.263256,506754208404.485,71376079.0,,East Asia & Pacific,Upper middle income
Thailand,2019,2327.667095,543976691793.886,71522271.0,,East Asia & Pacific,Upper middle income
Thailand,2020,684.208676,500461898480.246,71641484.0,,East Asia & Pacific,Upper middle income
Thailand,2021,604.020922,506194668789.937,71727332.0,,East Asia & Pacific,Upper middle income
Tunisia,2015,10.35424112,45779494041.9295,11402264.0,664.0,Middle East & North Africa,Lower middle income
Tunisia,2016,8.096,44360072680.4476,11528674.0,667.0,Middle East & North Africa,Lower middle income
Tunisia,2017,12.124027,42163530590.9462,11650498.0,679.0,Middle East & North Africa,Lower middle income
Tunisia,2018,13.234265,42686504459.801,11765514.0,535.0,Middle East & North Africa,Lower middle income
Tunisia,2019,13.092473,41905642418.825,11875081.0,545.0,Middle East & North Africa,Lower middle income
Tunisia,2020,6.546656,42491780918.361,11974057.0,334.818,Middle East & North Africa,Lower middle income
Tunisia,2021,5.602932,47073234359.1819,12048622.0,413.3,Middle East & North Africa,Lower middle income
Turkiye,2015,2882.162,865460050683.656,78218479.0,10474.0,Europe & Central Asia,Upper middle income
Turkiye,2016,3493.930482468,870818016909.84,79277962.0,11661.0,Europe & Central Asia,Upper middle income
Turkiye,2017,4800.237745146,863874522365.276,80312698.0,12869.0,Europe & Central Asia,Upper middle income
Turkiye,2018,5949.212205544,788356985773.667,81407204.0,14478.0,Europe & Central Asia,Upper middle income
Turkiye,2019,6815.50975,775853144222.613,82579440.0,14707.0,Europe & Central Asia,Upper middle income
Turkiye,2020,6870.46874,733628247119.077,83384680.0,15428.0,Europe & Central Asia,Upper middle income
Turkiye,2021,9338.328585454,839938668172.134,84147318.0,15900.0,Europe & Central Asia,Upper middle income
Ukraine,2015,37.7408652,91030967789.0717,45784896.0,195054.0,Europe & Central Asia,Upper middle income
Ukraine,2016,40.459830355,93355869403.9223,45616832.0,187557.0,Europe & Central Asia,Upper middle income
Ukraine,2017,53.792982,112090505081.739,45436041.0,191914.1,Europe & Central Asia,Upper middle income
Ukraine,2018,75.26435,130891088293.55,45208907.0,186344.1,Europe & Central Asia,Upper middle income
Ukraine,2019,75.617661,153883047509.577,44957458.0,181844.7,Europe & Central Asia,Upper middle income
Ukraine,2020,14.0479,156617722013.342,44680014.0,175587.2,Europe & Central Asia,Upper middle income
Ukraine,2021,28.1699,199765859570.935,44298640.0,,Europe & Central Asia,Upper middle income
United Arab Emirates,2015,15962.692,381973042886.317,8505237.0,,Middle East & North Africa,High income
United Arab Emirates,2016,16138.874,381717086453.37,8935095.0,,Middle East & North Africa,High income
United Arab Emirates,2017,16616.24461,403365010211.028,9223225.0,,Middle East & North Africa,High income
United Arab Emirates,2018,15962.90443,440560108917.631,9346701.0,1373.0,Middle East & North Africa,High income
United Arab Emirates,2019,14765.5995814573,433926208304.969,9445785.0,1488.485,Middle East & North Africa,High income
United Arab Emirates,2020,12171.5568,357161878829.135,9401038.0,1426.0,Middle East & North Africa,High income
United Arab Emirates,2021,15300.72918,422441388699.796,9575152.0,1380.0,Middle East & North Africa,High income
United Kingdom,2015,5423.17313862741,2945579890258.46,65088000.0,19342.444761281,Europe & Central Asia,High income
United Kingdom,2016,5512.672996428,2706807606538.73,65607000.0,17053.216554029,Europe & Central Asia,High income
United Kingdom,2017,5915.641,2699118387873.1,65966000.0,17166.930314851,Europe & Central Asia,High income
United Kingdom,2018,6198.37,2897028009916.05,66289000.0,17205.693315326,Europe & Central Asia,High income
United Kingdom,2019,5851.19,2875710080015.3,66631000.0,16884.335172455,Europe & Central Asia,High income
United Kingdom,2020,3667.467,2724001478304.59,66744000.0,15212.12270599,Europe & Central Asia,High income
United Kingdom,2021,4097.09,3194559188925.93,66984000.0,,Europe & Central Asia,High income
United States,2015,37866.224512,18206020741000.0,321815121.0,2547253.0,North America,High income
United States,2016,38657.919041,18695110842000.0,324353340.0,2314693.0,North America,High income
United States,2017,41591.551767,19477336549000.0,326608609.0,2445132.0,North America,High income
United States,2018,42985.299596,20533057312000.0,328529577.0,2525217.324,North America,High income
United States,2019,42498.262662,21380976119000.0,330226227.0,2357116.529,North America,High income
United States,2020,40793.094662,21060473613000.0,331577720.0,2102083.985,North America,High income
United States,2021,46004.645648,23315080560000.0,332099760.0,2239400.714,North America,High income
Uruguay,2015,,57680327998.6689,3368017.0,,Latin America & Caribbean,High income
Uruguay,2016,,57480787465.2716,3379283.0,,Latin America & Caribbean,High income
Uruguay,2017,,65005997963.4822,3388438.0,,Latin America & Caribbean,High income
Uruguay,2018,,65344577415.7535,3394534.0,,Latin America & Caribbean,High income
Uruguay,2019,,62222313618.8454,3397206.0,,Latin America & Caribbean,High income
Uruguay,2020,,53559359261.826,3398968.0,,Latin America & Caribbean,High income
Uruguay,2021,,60739084240.8633,3396695.0,,Latin America & Caribbean,High income
Uzbekistan,2015,114.33452,86196264755.3105,30749346.0,22935.0,Europe & Central Asia,Lower middle income
Uzbekistan,2016,112.28173,86138288644.171,31284568.0,22937.0,Europe & Central Asia,Lower middle income
Uzbekistan,2017,126.79762,69703222282.7278,31819178.0,22940.0,Europe & Central Asia,Lower middle income
Uzbekistan,2018,89.43028,58695899092.1083,32373490.0,22942.0,Europe & Central Asia,Lower middle income
Uzbekistan,2019,70.49835,67293639798.3996,32964701.0,22860.0,Europe & Central Asia,Lower middle income
Uzbekistan,2020,20.00549,66443265418.3086,33586372.0,23632.0,Europe & Central Asia,Lower middle income
Uzbekistan,2021,38.02591,77340060003.0347,34243696.0,24619.0,Europe & Central Asia,Lower middle income
Zambia,2015,79.382095832289,21251216798.7762,16399089.0,,Sub-Saharan Africa,Lower middle income
Zambia,2016,80.3529469986506,20958412538.3093,16914423.0,,Sub-Saharan Africa,Lower middle income
Zambia,2017,81.5576096504393,25873601260.8353,17441320.0,297.0,Sub-Saharan Africa,Lower middle income
Zambia,2018,75.077397732,26311507273.6735,17973569.0,,Sub-Saharan Africa,Lower middle income
Zambia,2019,79.335,23308667781.2258,18513839.0,,Sub-Saharan Africa,Lower middle income
Zambia,2020,69.97121783064,18137764930.651,19059395.0,,Sub-Saharan Africa,Lower middle income
Zambia,2021,75.18520667,22096416932.0089,19603607.0,,Sub-Saharan Africa,Lower middle income
Zimbabwe,2015,0.79610713578782,19973250000.0,14399013.0,,Sub-Saharan Africa,Lower middle income
Zimbabwe,2016,0.804947441,20559250000.0,14600294.0,,Sub-Saharan Africa,Lower middle income
Zimbabwe,2017,0.665035317,51035657370.5179,14812482.0,,Sub-Saharan Africa,Lower middle income
Zimbabwe,2018,0.665035317,34141666666.6667,15034452.0,1078.0,Sub-Saharan Africa,Lower middle income
Zimbabwe,2019,0.0,33357695635.1284,15271368.0,897.0,Sub-Saharan Africa,Lower middle income
Zimbabwe,2020,9.9972456,31980334561.3123,15526888.0,703.0,Sub-Saharan Africa,Lower middle income
Zimbabwe,2021,2.974346814,41287673690.0771,15797210.0,,Sub-Saharan Africa,Lower middle income
